strategy,option_type,entry_date,expiry,entry_timestamp,exit_timestamp,exit_reason,spot_10am,atm,k4,k5,k6,strike_spacing,entry_cashflow_points,flatline_points,max_profit_points,flatline_tolerance_fraction,flatline_tolerance_points,gross_pnl_points,net_pnl_points,gross_pnl_rupees,net_pnl_rupees,cost_rupees,lot_size,holding_minutes,data_file
strategy_1_put_ratio,PE,2025-09-03,2025-09-09,2025-09-03T10:00:00+05:30,2025-09-08T09:15:00+05:30,flatline_proximity,24591.8,24600.0,24400,24350,24300,50,-17.55,17.55,67.4,0.05,2.5,15.15,14.0871952889,1136.25,1056.5396466675,79.7103533325,75,7155,data/raw/options/NIFTY/2025-09-09.parquet
strategy_1_put_ratio,PE,2025-09-10,2025-09-16,2025-09-10T10:00:00+05:30,2025-09-15T09:15:00+05:30,flatline_proximity,25005.3,25000.0,24800,24750,24700,50,-19.9,19.9,69.75,0.05,2.5,17.75,16.6838763341,1331.25,1251.2907250575,79.9592749425,75,7155,data/raw/options/NIFTY/2025-09-16.parquet
strategy_1_put_ratio,PE,2025-09-17,2025-09-23,2025-09-17T10:00:00+05:30,2025-09-22T09:20:00+05:30,flatline_proximity,25316.25,25300.0,25100,25050,25000,50,-13,13,62.85,0.05,2.5,10.35,9.3040225159,776.25,697.8016886925,78.4483113075,75,7160,data/raw/options/NIFTY/2025-09-23.parquet
strategy_1_put_ratio,PE,2025-09-24,2025-09-30,2025-09-24T10:00:00+05:30,2025-09-30T15:29:00+05:30,expiry,25092.4,25100.0,24900,24850,24800,50,-14.45,14.45,64.3,0.05,2.5,-124.7,-126.334674002,-9352.5,-9475.10055015,122.60055015,75,8969,data/raw/options/NIFTY/2025-09-30.parquet
strategy_1_put_ratio,PE,2025-09-30,2025-10-07,2025-09-30T10:00:00+05:30,2025-10-06T09:15:00+05:30,flatline_proximity,24666.4,24650.0,24450,24400,24350,50,-32.5,32.5,82.35,0.05,2.5,30.35,29.2449316007,2276.25,2193.3698700525,82.8801299475,75,8595,data/raw/options/NIFTY/2025-10-07.parquet
strategy_1_put_ratio,PE,2025-10-08,2025-10-14,2025-10-08T10:00:00+05:30,2025-10-14T15:29:00+05:30,expiry,25162.15,25150.0,24950,24900,24850,50,-12.85,12.85,62.7,0.05,2.5,12.5,11.47865743,937.5,860.89930719,76.60069281,75,8969,data/raw/options/NIFTY/2025-10-14.parquet
strategy_1_put_ratio,PE,2025-10-29,2025-11-04,2025-10-29T10:00:00+05:30,2025-11-04T15:30:00+05:30,expiry,25998.65,26000.0,25800,25750,25700,50,-28.7,28.7,78.55,0.05,2.5,-23.9,-25.394604334,-1792.5,-1904.59532505,112.09532505,75,8970,data/raw/options/NIFTY/2025-11-04.parquet
strategy_1_put_ratio,PE,2025-11-04,2025-11-11,2025-11-04T10:00:00+05:30,2025-11-10T12:21:00+05:30,flatline_proximity,25712.3,25700.0,25500,25450,25400,50,-35.9,35.9,85.75,0.05,2.5,33.35,32.1869763871,2501.25,2414.0232290325,87.2267709675,75,8781,data/raw/options/NIFTY/2025-11-11.parquet
strategy_1_put_ratio,PE,2025-11-12,2025-11-18,2025-11-12T10:00:00+05:30,2025-11-17T10:27:00+05:30,flatline_proximity,25859.95,25850.0,25650,25600,25550,50,-28.4,28.4,78.25,0.05,2.5,25.85,24.7478624479,1938.75,1856.0896835925,82.6603164075,75,7227,data/raw/options/NIFTY/2025-11-18.parquet
strategy_1_put_ratio,PE,2025-11-19,2025-11-25,2025-11-19T10:00:00+05:30,2025-11-24T09:15:00+05:30,flatline_proximity,25917.75,25900.0,25700,25650,25600,50,-26.55,26.55,76.4,0.05,2.5,23.95,22.8541159217,1796.25,1714.0586941275,82.1913058725,75,7155,data/raw/options/NIFTY/2025-11-25.parquet
strategy_1_put_ratio,PE,2025-11-26,2025-12-02,2025-11-26T10:00:00+05:30,2025-12-01T09:15:00+05:30,flatline_proximity,26086.55,26100.0,25900,25850,25800,50,-25.95,25.95,75.8,0.05,2.5,23.45,22.3572582671,1758.75,1676.7943700325,81.9556299675,75,7155,data/raw/options/NIFTY/2025-12-02.parquet
strategy_1_put_ratio,PE,2025-12-03,2025-12-09,2025-12-03T10:00:00+05:30,2025-12-05T14:57:00+05:30,flatline_proximity,25940.75,25950.0,25750,25700,25650,50,-23.2,23.2,73.05,0.05,2.5,20.55,19.4622194163,1541.25,1459.6664562225,81.5835437775,75,3177,data/raw/options/NIFTY/2025-12-09.parquet
strategy_1_put_ratio,PE,2025-12-10,2025-12-16,2025-12-10T10:00:00+05:30,2025-12-15T09:26:00+05:30,flatline_proximity,25884.5,25900.0,25700,25650,25600,50,-18.6,18.6,68.45,0.05,2.5,16.1,15.0136760908,1207.5,1126.02570681,81.47429319,75,7166,data/raw/options/NIFTY/2025-12-16.parquet
strategy_1_put_ratio,PE,2025-12-17,2025-12-23,2025-12-17T10:00:00+05:30,2025-12-22T09:18:00+05:30,flatline_proximity,25865.6,25850.0,25650,25600,25550,50,-16.3,16.3,66.15,0.05,2.5,13.65,12.5973706725,1023.75,944.8028004225,78.9471995775,75,7158,data/raw/options/NIFTY/2025-12-23.parquet
strategy_1_put_ratio,PE,2025-12-23,2025-12-30,2025-12-23T10:00:00+05:30,2025-12-26T09:16:00+05:30,flatline_proximity,26173.4,26150.0,25950,25900,25850,50,-17.4,17.4,67.25,0.05,2.5,15,13.91776424,1125,1043.8323180004,81.167682,75,4276,data/raw/options/NIFTY/2025-12-30.parquet
strategy_1_put_ratio,PE,2025-12-31,2026-01-06,2025-12-31T10:00:00+05:30,2026-01-01T13:34:00+05:30,flatline_proximity,25979.3,26000.0,25800,25750,25700,50,-9.2,9.2,59.05,0.05,2.5,6.65,5.4770498851,432.25,356.0082425295,76.2417574705,65,1654,data/raw/options/NIFTY/2026-01-06.parquet
strategy_1_put_ratio,PE,2026-01-07,2026-01-13,2026-01-07T10:00:00+05:30,2026-01-13T15:29:00+05:30,expiry,26140.3,26150.0,25950,25900,25850,50,-10.35,10.35,60.2,0.05,2.5,-57.2,-58.8036663156,-3718,-3822.238310516,104.238310516,65,8969,data/raw/options/NIFTY/2026-01-13.parquet
strategy_1_put_ratio,PE,2026-01-13,2026-01-20,2026-01-13T10:00:00+05:30,2026-01-19T13:49:00+05:30,flatline_proximity,25714.65,25700.0,25500,25450,25400,50,-40.95,40.95,90.8,0.05,2.5,38.55,37.2001224767,2505.75,2418.0079609835,87.7420390165,65,8869,data/raw/options/NIFTY/2026-01-20.parquet
strategy_1_put_ratio,PE,2026-01-20,2026-01-27,2026-01-20T10:00:00+05:30,2026-01-27T15:30:00+05:30,expiry,25466.8,25450.0,25250,25200,25150,50,-37.1,37.1,86.95,0.05,2.5,86.8,85.4103979034,5642,5551.675863719,90.324136281,65,10410,data/raw/options/NIFTY/2026-01-27.parquet
strategy_1_put_ratio,PE,2026-01-29,2026-02-03,2026-01-29T10:00:00+05:30,2026-02-03T15:29:00+05:30,expiry,25180.45,25200.0,25000,24950,24900,50,-82.5,82.5,132.35,0.05,2.5,82.15,80.7059190813,5339.75,5245.8847402825,93.8652597175,65,7529,data/raw/options/NIFTY/2026-02-03.parquet
strategy_1_put_ratio,PE,2026-02-04,2026-02-10,2026-02-04T10:00:00+05:30,2026-02-10T15:29:00+05:30,expiry,25778.5,25800.0,25600,25550,25500,50,-58.55,58.55,108.4,0.05,2.5,58.2,56.8411067154,3783,3694.671936499,88.328063501,65,8969,data/raw/options/NIFTY/2026-02-10.parquet
strategy_1_put_ratio,PE,2026-02-11,2026-02-17,2026-02-11T10:00:00+05:30,2026-02-17T15:29:00+05:30,expiry,25929.65,25950.0,25750,25700,25650,50,-27.85,27.85,77.7,0.05,2.5,52,50.7334476624,3380,3297.674098054,82.325901946,65,8969,data/raw/options/NIFTY/2026-02-17.parquet
strategy_1_put_ratio,PE,2026-02-18,2026-02-24,2026-02-18T10:00:00+05:30,2026-02-24T15:29:00+05:30,expiry,25656.85,25650.0,25450,25400,25350,50,-34.9,34.9,84.75,0.05,2.5,59.75,58.4551337699,3883.75,3799.5836950415,84.1663049585,65,8969,data/raw/options/NIFTY/2026-02-24.parquet
strategy_1_put_ratio,PE,2026-02-24,2026-03-02,2026-02-24T10:00:00+05:30,2026-03-02T15:29:00+05:30,expiry,25516.9,25500.0,25300,25250,25200,50,-61.8,61.8,111.65,0.05,2.5,-224.15,-226.4481235799,-14569.75,-14719.1280326955,149.3780326955,65,8969,data/raw/options/NIFTY/2026-03-02.parquet
strategy_1_put_ratio,PE,2026-03-04,2026-03-10,2026-03-04T10:00:00+05:30,2026-03-10T15:29:00+05:30,expiry,24315.45,24300.0,24100,24050,24000,50,-188.2,188.2,238.05,0.05,2.5,187.85,186.0627056299,12210.25,12094.0758659415,116.1741340585,65,8969,data/raw/options/NIFTY/2026-03-10.parquet
strategy_1_put_ratio,PE,2026-03-11,2026-03-17,2026-03-11T10:00:00+05:30,2026-03-17T15:29:00+05:30,expiry,24146.0,24150.0,23950,23900,23850,50,-134.55,134.55,184.4,0.05,2.5,-84.15,-86.5509152681,-5469.75,-5625.8094924285,156.0594924285,65,8969,data/raw/options/NIFTY/2026-03-17.parquet
strategy_1_put_ratio,PE,2026-03-18,2026-03-24,2026-03-18T10:00:00+05:30,2026-03-24T15:29:00+05:30,expiry,23686.7,23700.0,23500,23450,23400,50,-118.3,118.3,168.15,0.05,2.5,-318.15,-321.0049530759,-20679.75,-20865.3219499355,185.5719499355,65,8969,data/raw/options/NIFTY/2026-03-24.parquet
strategy_1_put_ratio,PE,2026-03-23,2026-03-30,2026-03-23T10:00:00+05:30,2026-03-30T15:30:00+05:30,expiry,22587.75,22600.0,22400,22350,22300,50,-273.2,273.2,323.05,0.05,2.5,323,320.8046487208,20995,20852.30216685,142.69783315,65,10410,data/raw/options/NIFTY/2026-03-30.parquet
strategy_1_put_ratio,PE,2026-03-30,2026-04-07,2026-03-30T10:00:00+05:30,2026-04-07T15:30:00+05:30,expiry,22605.5,22600.0,22400,22350,22300,50,-296.25,296.25,346.1,0.05,2.5,295.85,293.3553367977,19230.25,19068.0968918485,162.1531081515,65,11850,data/raw/options/NIFTY/2026-04-07.parquet
strategy_1_put_ratio,PE,2026-04-07,2026-04-13,2026-04-07T10:00:00+05:30,2026-04-10T15:14:00+05:30,flatline_proximity,22897.8,22900.0,22700,22650,22600,50,-220.15,220.15,270,0.05,2.5,217.55,215.3796099477,14140.75,13999.6746465985,141.0753534015,65,4634,data/raw/options/NIFTY/2026-04-13.parquet
strategy_1_put_ratio,PE,2026-04-15,2026-04-21,2026-04-15T10:00:00+05:30,2026-04-21T15:29:00+05:30,expiry,24221.9,24200.0,24000,23950,23900,50,-96.6,96.6,146.45,0.05,2.5,96.25,94.6467324365,6256.25,6152.0376083705,104.2123916295,65,8969,data/raw/options/NIFTY/2026-04-21.parquet
strategy_1_put_ratio,PE,2026-04-22,2026-04-28,2026-04-22T10:00:00+05:30,2026-04-28T15:29:00+05:30,expiry,24363.4,24350.0,24150,24100,24050,50,-109.55,109.55,159.4,0.05,2.5,105.7,103.659770503,6870.5,6737.885082693,132.614917307,65,8969,data/raw/options/NIFTY/2026-04-28.parquet
strategy_1_put_ratio,PE,2026-04-28,2026-05-05,2026-04-28T10:00:00+05:30,2026-05-05T15:29:00+05:30,expiry,24158.6,24150.0,23950,23900,23850,50,-88.35,88.35,138.2,0.05,2.5,88,86.4302389836,5720,5617.965533932,102.034466068,65,10409,data/raw/options/NIFTY/2026-05-05.parquet
strategy_1_put_ratio,PE,2026-05-06,2026-05-12,2026-05-06T10:00:00+05:30,2026-05-12T15:29:00+05:30,expiry,24129.25,24150.0,23950,23900,23850,50,-66.5,66.5,116.35,0.05,2.5,-354.9,-357.915742086,-23068.5,-23264.523235592,196.023235592,65,8969,data/raw/options/NIFTY/2026-05-12.parquet
strategy_1_put_ratio,PE,2026-05-13,2026-05-19,2026-05-13T10:00:00+05:30,2026-05-19T15:29:00+05:30,expiry,23362.45,23350.0,23150,23100,23050,50,-99.6,99.6,149.45,0.05,2.5,99.25,97.6335029003,6451.25,6346.1776885175,105.0723114825,65,8969,data/raw/options/NIFTY/2025-05-19.parquet
strategy_1_put_ratio,PE,2025-05-20,2025-05-26,2025-05-20T10:00:00+05:30,2025-05-25T12:42:00+05:30,flatline_proximity,23530.6,23550.0,23350,23300,23250,50,-109.9,109.9,159.75,0.05,2.5,107.25,105.5611200529,6971.25,6861.4728034365,109.7771965635,65,7362,data/raw/options/NIFTY/2026-05-26.parquet